{"accuracy": [0.5707802772521973, 0.8500462174415588, 0.9111458659172058, 0.9385020136833191, 0.9552315473556519, 0.9617042541503906, 0.9714773297309875, 0.9761434197425842, 0.978049635887146, 0.9821181893348694], "loss": [1.4627093076705933, 0.46892955899238586, 0.27572962641716003, 0.18825332820415497, 0.13757871091365814, 0.11515679955482483, 0.08689063042402267, 0.07261230796575546, 0.06822360306978226, 0.0555834136903286], "val_accuracy": [0.8276804089546204, 0.9009788036346436, 0.9074094891548157, 0.9486114382743835, 0.9557819366455078, 0.9483838081359863, 0.9631231427192688, 0.9495219588279724, 0.9635784029960632, 0.9660823941230774], "val_loss": [0.5472652912139893, 0.3070288896560669, 0.2910034656524658, 0.15909169614315033, 0.13807313144207, 0.16698388755321503, 0.11281029134988785, 0.1613980382680893, 0.1263069063425064, 0.11420071870088577]}